id,day,start,end,course_name_ar,type,status,instructor,location,group,notes,effective_from,effective_to,active
S001,Saturday,09:00,11:00,تحليل وتصميم الخوارزميات,lab,normal,م/ محمود عصام,معمل C109,برمجيات أ 1,,,,TRUE
S002,Saturday,09:00,11:00,نظم التشغيل,lab,normal,م/ احمد عبدالرحمن,معمل C105,برمجيات أ 2,,,,TRUE
S003,Saturday,11:00,13:00,نظم التشغيل,lab,normal,م/ احمد عبدالرحمن,معمل C105,برمجيات أ 1,,,,TRUE
S004,Saturday,11:00,13:00,تحليل وتصميم الخوارزميات,lab,normal,م/ محمود عصام,معمل C109,برمجيات أ 2,,,,TRUE
S005,Saturday,13:00,15:00,تحليل وتصميم الخوارزميات,lab,normal,م/ محمود عصام,معمل C109,برمجيات أ 3,,,,TRUE
S006,Saturday,13:00,15:00,نظم التشغيل,lab,normal,م/ احمد عبدالرحمن,معمل C105,برمجيات أ 4,,,,TRUE
S007,Saturday,15:00,17:00,نظم التشغيل,lab,normal,م/ احمد عبدالرحمن,معمل C105,برمجيات أ 3,,,,TRUE
S008,Saturday,15:00,17:00,تحليل وتصميم الخوارزميات,lab,normal,م/ محمود عصام,معمل C109,برمجيات أ 4,,,,TRUE
S009,Sunday,09:00,11:00,شبكات الحاسب,lab,normal,م/ اسعد نصرالله,معمل C105,برمجيات أ 1,,,,TRUE
S010,Sunday,09:00,11:00,نظم التشغيل,lab,normal,م/ احمد عبدالرحمن,معمل C207,برمجيات ب 6,,,,TRUE
S011,Sunday,09:00,11:00,الرسم بالحاسب,lab,normal,م/ احمد هشام,معمل C305,حاسب 6,,,,TRUE
S012,Sunday,09:00,11:00,تفاعل الانسان والحاسب,lab,normal,م/ رضوى صالح,معمل C306,ذكاء 1,,,,TRUE
S013,Sunday,09:00,11:00,تعلم الالة,lab,normal,م/ ماريا ايمن,معمل  C307,ذكاء 3,,,,TRUE
S014,Sunday,11:00,13:00,البرمجة المرئية,lab,normal,م/ مصطفى اسامة,معمل C307,برمجيات أ 1,,,,TRUE
S015,Sunday,11:00,13:00,شبكات الحاسب,lab,normal,م/ اسعد نصرالله,معمل C105,برمجيات أ 2,,,,TRUE
S016,Sunday,11:00,13:00,التدريب الميداني,other,normal,م/ اكرام,مدرج C315,برمجيات أ 3,,,,TRUE
S017,Sunday,11:00,13:00,التدريب الميداني,other,normal,م/ اكرام,مدرج C315,برمجيات أ 5,,,,TRUE
S018,Sunday,11:00,13:00,التدريب الميداني,other,normal,م/ اكرام,مدرج C315,برمجيات ب 6,,,,TRUE
S019,Sunday,11:00,13:00,نظم التشغيل,lab,normal,م/ احمد عبدالرحمن,معمل C207,برمجيات ب 8,,,,TRUE
S020,Sunday,11:00,13:00,التدريب الميداني,other,normal,م/ اكرام,مدرج C315,حاسب 3,,,,TRUE
S021,Sunday,11:00,13:00,شبكات الحاسب,lab,normal,م/ سحر خيري,معمل C306,حاسب 4,,,,TRUE
S022,Sunday,11:00,13:00,الرسم بالحاسب,lab,normal,م/ احمد هشام,معمل C305,حاسب 5,,,,TRUE
S023,Sunday,11:00,13:00,التدريب الميداني,other,normal,م/ اكرام,مدرج C315,حاسب 6,,,,TRUE
S024,Sunday,11:00,13:00,تحليل وتصميم الخوارزميات,lecture,normal,د/ ماجد أحمد جاد الرب عسكر,مدرج C321,ذكاء,,,,TRUE
S025,Sunday,13:00,15:00,تحليل وتصميم الخوارزميات,lecture,normal,د/ ماجد أحمد جاد الرب عسكر,مدرج C321,برمجيات أ,,,,TRUE
S026,Sunday,13:00,15:00,شبكات الحاسب,lab,normal,م/ اسعد نصرالله,معمل C105,برمجيات ب 6,,,,TRUE
S027,Sunday,13:00,15:00,نظم التشغيل,lab,normal,م/ احمد عبدالرحمن,معمل C207,برمجيات ب 7,,,,TRUE
S028,Sunday,13:00,15:00,التدريب الميداني,other,normal,م/ اكرام,قاعة درس C118,برمجيات ب 8,,,,TRUE
S029,Sunday,13:00,15:00,التدريب الميداني,other,normal,م/ اكرام,قاعة درس C118,حاسب 2,,,,TRUE
S030,Sunday,13:00,15:00,شبكات الحاسب,lab,normal,م/ سحر خيري,معمل C306,حاسب 3,,,,TRUE
S031,Sunday,13:00,15:00,الرسم بالحاسب,lab,normal,م/ احمد هشام,معمل C305,حاسب 4,,,,TRUE
S032,Sunday,13:00,15:00,التدريب الميداني,other,normal,م/ اكرام,قاعة درس C118,حاسب 5,,,,TRUE
S033,Sunday,13:00,15:00,التدريب الميداني,other,normal,م/ اكرام,قاعة درس C118,ذكاء 1,,,,TRUE
S034,Sunday,13:00,15:00,التدريب الميداني,other,normal,م/ اكرام,قاعة درس C118,ذكاء 3,,,,TRUE
S035,Sunday,13:00,15:00,تعلم الالة,lab,normal,م/ ماريا ايمن,معمل  C307,ذكاء 4,,,,TRUE
S036,Sunday,13:00,15:00,تمارين تحليل عددي,section,normal,م/ الاء محمد,معمل C208,نظم 1,,,,TRUE
S037,Sunday,15:00,17:00,التدريب الميداني,other,normal,م/ اكرام,قاعة درس C118,برمجيات أ 1,,,,TRUE
S038,Sunday,15:00,17:00,شبكات الحاسب,lab,normal,م/ اسعد نصرالله,معمل C105,برمجيات أ 3,,,,TRUE
S039,Sunday,15:00,17:00,التدريب الميداني,other,normal,م/ اكرام,قاعة درس C118,برمجيات أ 4,,,,TRUE
S040,Sunday,15:00,17:00,نظم التشغيل,lab,normal,م/ احمد عبدالرحمن,معمل C207,برمجيات أ 5,,,,TRUE
S041,Sunday,15:00,17:00,تحليل وتصميم الخوارزميات,lecture,normal,د/ ماجد أحمد جاد الرب عسكر,مدرج C321,برمجيات ب,,,,TRUE
S042,Sunday,15:00,17:00,التدريب الميداني,other,normal,م/ اكرام,قاعة درس C118,حاسب 1,,,,TRUE
S043,Sunday,15:00,17:00,شبكات الحاسب,lab,normal,م/ سحر خيري,معمل C306,حاسب 2,,,,TRUE
S044,Sunday,15:00,17:00,الرسم بالحاسب,lab,normal,م/ احمد هشام,معمل C305,حاسب 3,,,,TRUE
S045,Sunday,15:00,17:00,التدريب الميداني,other,normal,م/ اكرام,قاعة درس C118,حاسب 4,,,,TRUE
S046,Sunday,15:00,17:00,تعلم الالة,lab,normal,م/ ماريا ايمن,معمل  C307,ذكاء 1,,,,TRUE
S047,Sunday,15:00,17:00,التدريب الميداني,other,normal,م/ اكرام,قاعة درس C118,ذكاء 2,,,,TRUE
S048,Sunday,15:00,17:00,التدريب الميداني,other,normal,م/ اكرام,قاعة درس C118,ذكاء 4,,,,TRUE
S049,Monday,09:00,11:00,هندسة البرمجيات,lab,normal,م/ محمد طه,معمل C308,برمجيات أ 1,,,,TRUE
S050,Monday,09:00,11:00,البرمجة المرئية,lab,normal,م/ مصطفى اسامة,معمل C109,برمجيات أ 2,,,,TRUE
S051,Monday,09:00,11:00,تحليل وتصميم الخوارزميات,lab,normal,م/ محمود عصام,معمل C207,برمجيات أ 5,,,,TRUE
S052,Monday,09:00,11:00,تحليل وتصميم الخوارزميات,lab,normal,م/ عبدالله أحمد,معمل C125,برمجيات ب 7,,,,TRUE
S053,Monday,09:00,11:00,البرمجة المرئية,lab,normal,م/ علي أحمد,معمل C105,حاسب 1,,,,TRUE
S054,Monday,09:00,11:00,الرسم بالحاسب,lecture,normal,د/  لؤى ممدوح محمد,مدرج C315,ذكاء,,,,TRUE
S055,Monday,11:00,13:00,البرمجة المرئية,lecture,normal,د/ سارة طارق,مدرج C221,برمجيات أ,,,,TRUE
S056,Monday,11:00,13:00,تحليل وتصميم الخوارزميات,lab,normal,م/ محمود عصام,معمل C207,برمجيات ب 10,,,,TRUE
S057,Monday,11:00,13:00,البرمجة المرئية,lab,normal,م/ علي أحمد,معمل C105,برمجيات ب 6,,,,TRUE
S058,Monday,11:00,13:00,البرمجة المرئية,lab,normal,م/ مصطفى اسامة,معمل C109,برمجيات ب 7,,,,TRUE
S059,Monday,11:00,13:00,الرسم بالحاسب,lecture,normal,د/ لؤى ممدوح محمد,مدرج C315,حاسب,,,,TRUE
S060,Monday,11:00,13:00,تحليل وتصميم الخوارزميات,lab,normal,م/ عبدالله أحمد,معمل C125,ذكاء 1,,,,TRUE
S061,Monday,11:00,13:00,تعلم الالة,lab,normal,م/ ماريا ايمن,معمل  C206,ذكاء 2,,,,TRUE
S062,Monday,11:00,13:00,هندسة البرمجيات,lab,normal,م/ محمد طه,معمل C308,ذكاء 3,,,,TRUE
S063,Monday,13:00,15:00,البرمجة المرئية,lab,normal,م/ علي أحمد,معمل C105,برمجيات أ 1,,,,TRUE
S064,Monday,13:00,15:00,تحليل وتصميم الخوارزميات,lab,normal,م/ عبدالله أحمد,معمل C125,برمجيات ب 6,,,,TRUE
S065,Monday,13:00,15:00,تحليل وتصميم الخوارزميات,lab,normal,م/ محمود عصام,معمل C207,برمجيات ب 9,,,,TRUE
S066,Monday,13:00,15:00,البرمجة المرئية,lecture,normal,د/ سارة طارق,مدرج C221,حاسب,,,,TRUE
S067,Monday,13:00,15:00,تفاعل الانسان والحاسب,lecture,normal,د/ اسماء عباس,قاعة درس C030,ذكاء,,,,TRUE
S068,Monday,15:00,17:00,البرمجة المرئية,lecture,normal,د/ سارة طارق,مدرج C221,برمجيات ب,,,,TRUE
S069,Monday,15:00,17:00,نظم التشغيل,lab,normal,م/ احمد عبدالرحمن,معمل C207,حاسب 1,,,,TRUE
S070,Monday,15:00,17:00,البرمجة المرئية,lab,normal,م/ علي أحمد,معمل C105,حاسب 6,,,,TRUE
S071,Monday,15:00,17:00,تحليل وتصميم الخوارزميات,lab,normal,م/ عبدالله أحمد,معمل C125,ذكاء 2,,,,TRUE
S072,Tuesday,09:00,11:00,شبكات الحاسب,lecture,normal,د/ طارق محمد عبد القادر,مدرج C321,برمجيات أ,,,,TRUE
S073,Tuesday,09:00,11:00,البرمجة المرئية,lab,normal,م/ ريم اسامة,معمل C308,برمجيات ب 10,,,,TRUE
S074,Tuesday,09:00,11:00,شبكات الحاسب,lab,normal,م/ مصطفى محمد,معمل C105,برمجيات ب 7,,,,TRUE
S075,Tuesday,09:00,11:00,شبكات الحاسب,lab,normal,م/ محمد عبدالحميد,معمل C210,برمجيات ب 9,,,,TRUE
S076,Tuesday,09:00,11:00,الرسم بالحاسب,lab,normal,م/ احمد هشام,معمل C310,حاسب 1,,,,TRUE
S077,Tuesday,09:00,11:00,تفاعل الانسان والحاسب,lab,normal,م/ رضوى صالح,معمل C207,ذكاء 2,,,,TRUE
S078,Tuesday,09:00,11:00,تحليل عددي,lecture,normal,د/مديحة عبد المجيد على د/مصطفى على عبد النعيم,فصل C227,نظم,,,,TRUE
S079,Tuesday,11:00,13:00,هندسة البرمجيات,lab,normal,م/ شيماء حسام الدين,معمل C305,برمجيات أ 2,,,,TRUE
S080,Tuesday,11:00,13:00,البرمجة المرئية,lab,normal,م/ ريم اسامة,معمل C308,برمجيات أ 3,,,,TRUE
S081,Tuesday,11:00,13:00,شبكات الحاسب,lab,normal,م/ مصطفى محمد,معمل C105,برمجيات أ 5,,,,TRUE
S082,Tuesday,11:00,13:00,شبكات الحاسب,lecture,normal,د/ طارق محمد عبد القادر,مدرج C321,برمجيات ب,,,,TRUE
S083,Tuesday,11:00,13:00,الرسم بالحاسب,lab,normal,م/ احمد هشام,معمل C310,حاسب 2,,,,TRUE
S084,Tuesday,11:00,13:00,شبكات الحاسب,lab,normal,م/ محمد عبدالحميد,معمل C210,حاسب 5,,,,TRUE
S085,Tuesday,11:00,13:00,شبكات الحاسب,lab,normal,م/ سحر خيري,معمل C109,حاسب 6,,,,TRUE
S086,Tuesday,11:00,13:00,تفاعل الانسان والحاسب,lab,normal,م/ رضوى صالح,معمل C207,ذكاء 3,,,,TRUE
S087,Tuesday,13:00,15:00,هندسة البرمجيات,lab,normal,م/ شيماء حسام الدين,معمل C305,برمجيات أ 3,,,,TRUE
S088,Tuesday,13:00,15:00,البرمجة المرئية,lab,normal,م/ ريم اسامة,معمل C308,برمجيات أ 4,,,,TRUE
S089,Tuesday,13:00,15:00,شبكات الحاسب,lab,normal,م/ سحر خيري,معمل C109,برمجيات ب 10,,,,TRUE
S090,Tuesday,13:00,15:00,شبكات الحاسب,lab,normal,م/ مصطفى محمد,معمل C105,برمجيات ب 8,,,,TRUE
S091,Tuesday,13:00,15:00,نظم التشغيل,lab,normal,م/ احمد عبدالرحمن,معمل C126,برمجيات ب 9,,,,TRUE
S092,Tuesday,13:00,15:00,شبكات الحاسب,lecture,normal,د/ طارق محمد عبد القادر,مدرج C321,حاسب,,,,TRUE
S093,Tuesday,13:00,15:00,تفاعل الانسان والحاسب,lab,normal,م/ رضوى صالح,معمل C207,ذكاء 4,,,,TRUE
S094,Tuesday,15:00,17:00,شبكات الحاسب,lab,normal,م/ مصطفى محمد,معمل C105,برمجيات أ 4,,,,TRUE
S095,Tuesday,15:00,17:00,البرمجة المرئية,lab,normal,م/ ريم اسامة,معمل C308,برمجيات أ 5,,,,TRUE
S096,Tuesday,15:00,17:00,نظم التشغيل,lab,normal,م/ احمد عبدالرحمن,معمل C126,برمجيات ب 10,,,,TRUE
S097,Tuesday,15:00,17:00,شبكات الحاسب,lab,normal,م/ سحر خيري,معمل C109,حاسب 1,,,,TRUE
S098,Tuesday,15:00,17:00,هندسة البرمجيات,lab,normal,م/ شيماء حسام الدين,معمل C305,حاسب 3,,,,TRUE
S099,Tuesday,15:00,17:00,تعلم الالة,section,normal,أ.م.د/ ممدوح فاروق,قاعة درس C113,ذكاء 1,,,,TRUE
S100,Wednesday,09:00,11:00,هندسة البرمجيات,lab,normal,م/ محمد طه,معمل C210,برمجيات ب 6,,,,TRUE
S101,Wednesday,09:00,11:00,نظم التشغيل,lab,normal,م/ احمد عبدالرحمن,معمل C206,حاسب 3,,,,TRUE
S102,Wednesday,09:00,11:00,البرمجة المرئية,lab,normal,م/ اسماء اسماعيل,معمل C208,حاسب 5,,,,TRUE
S103,Wednesday,09:00,11:00,الرسم بالحاسب,lab,normal,م/ مصطفى عبدالحليم,معمل C205,ذكاء 1,,,,TRUE
S104,Wednesday,09:00,11:00,الشبكات العصبية,lab,normal,م/ عبدالرحمن فرغلي,معمل C105,ذكاء 2,,,,TRUE
S105,Wednesday,09:00,11:00,تحليل وتصميم الخوارزميات,lab,normal,م/ عبدالله أحمد,معمل C305,ذكاء 4,,,,TRUE
S106,Wednesday,09:00,11:00,إدارة المشروعات المتقدمة,lab,normal,م/ غادة سمير,معمل C109,نظم 1,,,,TRUE
S107,Wednesday,11:00,13:00,البرمجة المرئية,lab,normal,م/ مصطفى اسامة,معمل C307,برمجيات ب 9,,,,TRUE
S108,Wednesday,11:00,13:00,هندسة البرمجيات,lab,normal,م/ محمد طه,معمل C210,حاسب 1,,,,TRUE
S109,Wednesday,11:00,13:00,البرمجة المرئية,lab,normal,م/ اسماء اسماعيل,معمل C208,حاسب 2,,,,TRUE
S110,Wednesday,11:00,13:00,نظم التشغيل,lab,normal,م/ احمد عبدالرحمن,معمل C206,حاسب 4,,,,TRUE
S111,Wednesday,11:00,13:00,هندسة البرمجيات,lab,normal,م/ جهاد زكريا,معمل C125,حاسب 5,,,,TRUE
S112,Wednesday,11:00,13:00,الشبكات العصبية,lab,normal,م/ عبدالرحمن فرغلي,معمل C105,ذكاء 1,,,,TRUE
S113,Wednesday,11:00,13:00,الرسم بالحاسب,lab,normal,م/ مصطفى عبدالحليم,معمل C205,ذكاء 2,,,,TRUE
S114,Wednesday,11:00,13:00,تحليل وتصميم الخوارزميات,lab,normal,م/ عبدالله أحمد,معمل C305,ذكاء 3,,,,TRUE
S115,Wednesday,11:00,13:00,إدارة المشروعات المتقدمة,lecture,normal,د/ سها عبدالمؤمن,فصل C230,نظم,,,,TRUE
S116,Wednesday,13:00,15:00,تحليل وتصميم الخوارزميات,lab,normal,م/ عبدالله أحمد,معمل C305,برمجيات ب 8,,,,TRUE
S117,Wednesday,13:00,15:00,البرمجة المرئية,lab,normal,م/ اسماء اسماعيل,معمل C208,حاسب 3,,,,TRUE
S118,Wednesday,13:00,15:00,هندسة البرمجيات,lab,normal,م/ جهاد زكريا,معمل C125,حاسب 4,,,,TRUE
S119,Wednesday,13:00,15:00,نظم التشغيل,lab,normal,م/ احمد عبدالرحمن,معمل C206,حاسب 5,,,,TRUE
S120,Wednesday,13:00,15:00,هندسة البرمجيات,lab,normal,م/ محمد طه,معمل C210,حاسب 6,,,,TRUE
S121,Wednesday,13:00,15:00,هندسة البرمجيات,lab,normal,م/ مصطفى اسامة,معمل C307,ذكاء 2,,,,TRUE
S122,Wednesday,13:00,15:00,الرسم بالحاسب,lab,normal,م/ مصطفى عبدالحليم,معمل C205,ذكاء 3,,,,TRUE
S123,Wednesday,13:00,15:00,الشبكات العصبية,lab,normal,م/ عبدالرحمن فرغلي,معمل C105,ذكاء 4,,,,TRUE
S124,Wednesday,15:00,17:00,هندسة البرمجيات,lab,normal,م/ مصطفى اسامة,معمل C307,برمجيات ب 10,,,,TRUE
S125,Wednesday,15:00,17:00,هندسة البرمجيات,lab,normal,م/ محمد طه,معمل C210,برمجيات ب 7,,,,TRUE
S126,Wednesday,15:00,17:00,هندسة البرمجيات,lab,normal,م/ جهاد زكريا,معمل C125,حاسب 2,,,,TRUE
S127,Wednesday,15:00,17:00,البرمجة المرئية,lab,normal,م/ اسماء اسماعيل,معمل C208,حاسب 4,,,,TRUE
S128,Wednesday,15:00,17:00,نظم التشغيل,lab,normal,م/ احمد عبدالرحمن,معمل C206,حاسب 6,,,,TRUE
S129,Wednesday,15:00,17:00,الشبكات العصبية,lab,normal,م/ عبدالرحمن فرغلي,معمل C105,ذكاء 3,,,,TRUE
S130,Wednesday,15:00,17:00,الرسم بالحاسب,lab,normal,م/ مصطفى عبدالحليم,معمل C205,ذكاء 4,,,,TRUE
S131,Thursday,09:00,11:00,نظم التشغيل,lecture,normal,د/ لؤى ممدوح محمد,مدرج C315,برمجيات أ,,,,TRUE
S132,Thursday,09:00,11:00,هندسة البرمجيات,lab,normal,م/ نهاد عبدالرحيم,معمل C205,برمجيات ب 8,,,,TRUE
S133,Thursday,09:00,11:00,هندسة البرمجيات,lecture,normal,د/ احمد مصطفى,مدرج C221,ذكاء,,,,TRUE
S134,Thursday,11:00,13:00,هندسة البرمجيات,lecture,normal,د/ احمد مصطفى,مدرج C221,برمجيات أ,,,,TRUE
S135,Thursday,11:00,13:00,هندسة البرمجيات,lab,normal,م/ نهاد عبدالرحيم,معمل C205,برمجيات ب 9,,,,TRUE
S136,Thursday,11:00,13:00,نظم التشغيل,lecture,normal,د/ لؤى ممدوح محمد,مدرج C315,حاسب,,,,TRUE
S137,Thursday,11:00,13:00,الشبكات العصبية,lecture,normal,د/أمل عبد العظيم,مدرج C321,ذكاء,,,,TRUE
S138,Thursday,13:00,15:00,هندسة البرمجيات,lab,normal,م/ شيماء حسام الدين,معمل C305,برمجيات أ 5,,,,TRUE
S139,Thursday,13:00,15:00,نظم التشغيل,lecture,normal,د/ لؤى ممدوح محمد,مدرج C315,برمجيات ب,,,,TRUE
S140,Thursday,13:00,15:00,هندسة البرمجيات,lecture,normal,د/ احمد مصطفى,مدرج C221,حاسب,,,,TRUE
S141,Thursday,13:00,15:00,هندسة البرمجيات,lab,normal,م/ نهاد عبدالرحيم,معمل C205,ذكاء 1,,,,TRUE
S142,Thursday,15:00,17:00,هندسة البرمجيات,lab,normal,م/ شيماء حسام الدين,معمل C305,برمجيات أ 4,,,,TRUE
S143,Thursday,15:00,17:00,هندسة البرمجيات,lecture,normal,د/ احمد مصطفى,مدرج C221,برمجيات ب,,,,TRUE
S144,Thursday,15:00,17:00,نظم التشغيل,lab,normal,م/ احمد عبدالرحمن,معمل C109,حاسب 2,,,,TRUE
S145,Thursday,15:00,17:00,هندسة البرمجيات,lab,normal,م/ نهاد عبدالرحيم,معمل C205,ذكاء 4,,,,TRUE
